transaction_id,transaction_real_price
1145756,18000
1198704,18000
1222384,18000
1179897,18000
1223091,18000
1202911,18000
1151450,18000
1197195,18000
1146078,18000
1191026,18000
1107596,18000
1190777,18000
1162835,18000
1233184,18000
1197165,18000
1214389,18000
1205334,18000
1145482,18000
1197041,18000
1156778,18000
1096897,18000
1179572,18000
1190839,18000
1134295,18000
1131476,18000
1218843,18000
1157005,18000
1200107,18000
1219092,18000
1219608,18000
1101453,18000
1175515,18000
1145920,18000
1132427,18000
1182840,18000
1148101,18000
1234156,18000
1152273,18000
1115622,18000
1215527,18000
1170344,18000
1151954,18000
1170816,18000
1221847,18000
1182922,18000
1173389,18000
1141391,18000
1141218,18000
1097094,18000
1170563,18000
1115494,18000
1137432,18000
1101197,18000
1210532,18000
1208634,18000
1229597,18000
1190774,18000
1179724,18000
1145891,18000
1130404,18000
1214360,18000
1223152,18000
1101403,18000
1145994,18000
1179885,18000
1110882,18000
1228656,18000
1101274,18000
1176634,18000
1173299,18000
1146115,18000
1140588,18000
1097127,18000
1093681,18000
1205370,18000
1170528,18000
1096488,18000
1103819,18000
1213603,18000
1190716,18000
1146181,18000
1094021,18000
1101270,18000
1120990,18000
1219064,18000
1190516,18000
1228690,18000
1180708,18000
1103944,18000
1094600,18000
1115643,18000
1133835,18000
1202914,18000
1170552,18000
1183002,18000
1094574,18000
1230024,18000
1133126,18000
1175499,18000
1152130,18000
1190996,18000
1103259,18000
1224281,18000
1170512,18000
1169274,18000
1150724,18000
1210376,18000
1218981,18000
1229563,18000
1158701,18000
1218869,18000
1225938,18000
1167183,18000
1197214,18000
1196615,18000
1115391,18000
1106568,18000
1107479,18000
1170360,18000
1093422,18000
1150558,18000
1131182,18000
1218683,18000
1162438,18000
1207224,18000
1152085,18000
1218978,18000
1158668,18000
1110549,18000
1166826,18000
1141193,18000
1228816,18000
1184863,18000
1093312,18000
1204547,18000
1131588,18000
1115383,18000
1182781,18000
1103919,18000
1131487,18000
1225842,18000
1107601,18000
1191030,18000
1156621,18000
1107534,18000
1198681,18000
1175481,18000
1162762,18000
1197295,18000
1096738,18000
1151260,18000
1214364,18000
1214533,18000
1190763,18000
1180791,18000
1190905,18000
1231684,18000
1179147,18000
1205319,18000
1205236,18000
1182742,18000
1162861,18000
1228387,18000
1197273,18000
1182358,18000
1151822,18000
1142315,18000
1230704,18000
1210286,18000
1107796,18000
1209640,18000
1107547,18000
1152055,18000
1198919,18000
1115669,18000
1234841,18000
1228859,18000
1182940,18000
1179598,18000
1218995,18000
1157076,18000
1228022,18000
1200165,18000
1218907,18000
1169781,18000
1207923,18000
1149023,18000
1146298,18000
1157156,18000
1121548,18000
1233216,18000
1218957,18000
1218443,18000
1225838,18000
1182616,18000
1131802,18000
1157903,18000
1190442,18000
1198082,18000
1131387,18000
1234525,18000
1203711,18000
1190922,18000
1191009,18000
1151240,18000
1226860,18000
1179806,18000
1199957,18000
1197257,18000
1190871,18000
1230677,18000
1157128,18000
1093400,18000
1190712,18000
1182521,18000
1196976,18000
1147304,18000
1230451,18000
1153931,18000
1154645,18000
1200220,18000
1146478,18000
1107385,18000
1115693,18000
1199755,18000
1234762,18000
1129378,18000
1170575,18000
1175579,18000
1155125,18000
1190449,18000
1173371,18000
1141791,18000
1206596,18000
1107673,18000
1097089,18000
1145906,18000
1131202,18000
1148954,18000
1163137,18000
1104897,18000
1146110,18000
1158687,18000
1196974,18000
1223113,18000
1108722,18000
1120796,18000
1101230,18000
1234847,18000
1101988,18000
1210837,18000
1228259,18000
1101161,18000
1198899,18000
1108452,18000
1190234,18000
1155760,18000
1146156,18000
1170423,18000
1115626,18000
1117164,18000
1162916,18000
1219970,18000
1144814,18000
1205245,18000
1182642,18000
1179748,18000
1162939,18000
1174727,18000
1103765,18000
1196685,18000
1192682,18000
1133329,18000
1141347,18000
1149872,18000
1182557,18000
1157175,18000
1214350,18000
1151530,18000
1151190,18000
1167051,18000
1133706,18000
1234919,18000
1131616,18000
1193757,18000
1131284,18000
1182632,18000
1115399,18000
1169088,18000
1137154,18000
1179563,18000
1156634,18000
1156480,18000
1228239,18000
1146105,18000
1101467,18000
1194510,18000
1170201,18000
1197062,18000
1131899,18000
1162983,18000
1093231,18000
1117276,18000
1222511,18000
1205238,18000
1190344,18000
1157099,18000
1093453,18000
1150770,18000
1228787,18000
1134430,18000
1146140,18000
1097116,18000
1096717,18000
1233318,18000
1227756,18000
1112148,18000
1198006,18000
1224353,18000
1137449,18000
1136446,18000
1151958,18000
1195906,18000
1212503,18000
1197197,18000
1147081,18000
1228733,18000
1230422,18000
1223945,18000
1115400,18000
1158030,18000
1094656,18000
1166774,18000
1133820,18000
1155908,18000
1205365,18000
1103833,18000
1152265,18000
1117506,18000
1234873,18000
1225399,18000
1096967,18000
1182969,18000
1232838,18000
1094645,18000
1190690,18000
1115748,18000
1210653,18000
1198901,18000
1142372,18000
1196914,18000
1197738,18000
1110524,18000
1181795,18000
1181802,18000
1190761,18000
1212490,18000
1180631,18000
1110865,18000
1218967,18000
1170142,18000
1175391,18000
1234341,18000
1210783,18000
1107570,18000
1155668,18000
1121511,18000
1163076,18000
1228794,18000
1157193,18000
1134305,18000
1190077,18000
1162841,18000
1120505,18000
1115652,18000
1115387,18000
1101549,18000
1110558,18000
1152167,18000
1190880,18000
1212511,18000
1101375,18000
1175734,18000
1225258,18000
1131320,18000
1151835,18000
1198301,18000
1182858,18000
1117471,18000
1192920,18000
1197223,18000
1101378,18000
1222959,18000
1225900,18000
1175483,18000
1094554,18000
1151964,18000
1133352,18000
1110922,18000
1227038,18000
1117434,18000
1175599,18000
1207842,18000
1197175,18000
1177169,18000
1183018,18000
1141324,18000
1129277,18000
1198853,18000
1107557,18000
1182022,18000
1140295,18000
1175517,18000
1218916,18000
1137392,18000
1209259,18000
1195228,18000
1204265,18000
1234896,18000
1220719,18000
1194743,18000
1222982,18000
1162906,18000
1167136,18000
1137491,18000
1170353,18000
1134401,18000
1096844,18000
1210013,18000
1224571,18000
1228804,18000
1198593,18000
1182850,18000
1157016,18000
1204607,18000
1230466,18000
1097096,18000
1143291,18000
1103809,18000
1191055,18000
1142555,18000
1233198,18000
1200134,18000
1190919,18000
1101450,18000
1210804,18000
1233080,18000
1115753,18000
1121658,18000
1163611,18000
1229734,18000
1149844,18000
1137387,18000
1215920,18000
1210765,18000
1158463,18000
1101420,18000
1147121,18000
1096300,18000
1094572,18000
1225458,18000
1214093,18000
1154273,18000
1131551,18000
1162855,18000
1182438,18000
1141098,18000
1197178,18000
1096959,18000
1146303,18000
1093301,18000
1137156,18000
1163006,18000
1176539,18000
1152149,18000
1157009,18000
1101639,18000
1226886,18000
1228898,18000
1210123,18000
1162831,18000
1146267,18000
1152233,18000
1131396,18000
1131442,18000
1151896,18000
1222951,18000
1222704,18000
1182422,18000
1233251,18000
1131445,18000
1147813,18000
1230037,18000
1121702,18000
1141364,18000
1101423,18000
1215786,18000
1198337,18000
1131493,18000
1126139,18000
1198019,18000
1200193,18000
1146141,18000
1110786,18000
1190688,18000
1222898,18000
1163101,18000
1174440,18000
1117439,18000
1204705,18000
1163062,18000
1097049,18000
1115551,18000
1133325,18000
1103669,18000
1151935,18000
1190741,18000
1204414,18000
1163046,18000
1200208,18000
1183008,18000
1109314,18000
1198841,18000
1187665,18000
1208120,18000
1214443,18000
1146239,18000
1115304,18000
1198878,18000
1101520,18000
1175628,18000
1151839,18000
1141197,18000
1152093,18000
1166274,18000
1228851,18000
1175373,18000
1131659,18000
1134313,18000
1126905,18000
1225470,18000
1214476,18000
1197227,18000
1140479,18000
1170407,18000
1234167,18000
1172050,18000
1107686,18000
1207862,18000
1233189,18000
1214508,18000
1170909,18000
1182382,18000
1176622,18000
1182797,18000
1182947,18000
1175430,18000
1152278,18000
1232888,18000
1218096,18000
1163110,18000
1121612,18000
1182993,18000
1175843,18000
1210732,18000
1170537,18000
1151898,18000
1175731,18000
1141286,18000
1103859,18000
1198746,18000
1097056,18000
1101294,18000
1190977,18000
1093029,18000
1229728,18000
1173557,18000
1157051,18000
1197181,18000
1097074,18000
1131500,18000
1198848,18000
1212146,18000
1224668,18000
1195143,18000
1110836,18000
1210803,18000
1121679,18000
1197146,18000
1146332,18000
1159386,18000
1115648,18000
1166924,18000
1160487,18000
1152148,18000
1219057,18000
1132761,18000
1132119,18000
1107625,18000
1101534,18000
1189698,18000
1121655,18000
1158407,18000
1121262,18000
1155638,18000
1152155,18000
1233269,18000
1094618,18000
1216931,18000
1107755,18000
1224620,18000
1200206,18000
1191045,18000
1172811,18000
1163094,18000
1196591,18000
1208088,18000
1200052,18000
1152182,18000
1232739,18000
1156910,18000
1218523,18000
1146178,18000
1107589,18000
1097048,18000
1175225,18000
1123518,18000
1141458,18000
1190419,18000
1214511,18000
1101425,18000
1227387,18000
1218883,18000
1157003,18000
1205397,18000
1175423,18000
1214518,18000
1103810,18000
1152086,18000
1180029,18000
1182443,18000
1115628,18000
1208185,18000
1222923,18000
1207623,18000
1208021,18000
1152110,18000
1182689,18000
1198186,18000
1233220,18000
1099466,18000
1152126,18000
1198355,18000
1121630,18000
1115444,18000
1131446,18000
1134772,18000
1169286,18000
1097046,18000
1093153,18000
1163103,18000
1223033,18000
1162966,18000
1234737,18000
1230730,18000
1131234,18000
1192329,18000
1115731,18000
1141301,18000
1201929,18000
1162951,18000
1208205,18000
1173508,18000
1156984,18000
1228856,18000
1190461,18000
1117125,18000
1218982,18000
1218875,18000
1162284,18000
1175574,18000
1205229,18000
1158000,18000
1115698,18000
1184062,18000
1197149,18000
1146479,18000
1148080,18000
1229555,18000
1142620,18000
1129751,18000
1121102,18000
1143255,18000
1101394,18000
1170441,18000
1097010,18000
1143285,18000
1182992,18000
1170401,18000
1182661,18000
1157096,18000
1130700,18000
1166914,18000
1225964,18000
1221792,18000
1222759,18000
1225792,18000
1194138,18000
1174986,18000
1174299,18000
1218864,18000
1199975,18000
1179495,18000
1225522,18000
1181401,18000
1170615,18000
1172001,18000
1094626,18000
1121525,18000
1190396,18000
1097040,18000
1175379,18000
1218598,18000
1180570,18000
1182034,18000
1097126,18000
1205393,18000
1214421,18000
1110753,18000
1180042,18000
1107537,18000
1182663,18000
1214499,18000
1107513,18000
1115451,18000
1150579,18000
1121667,18000
1157071,18000
1172064,18000
1182999,18000
1222767,18000
1156864,18000
1182679,18000
1230539,18000
1162967,18000
1222656,18000
1234538,18000
1182770,18000
1190746,18000
1184523,18000
1225895,18000
1170556,18000
1110415,18000
1182975,18000
1200675,18000
1197042,18000
1210703,18000
1110804,18000
1152192,18000
1208210,18000
1096966,18000
1198594,18000
1198891,18000
1205083,18000
1163084,18000
1097118,18000
1166466,18000
1170351,18000
1151876,18000
1213568,18000
1232515,18000
1170436,18000
1145183,18000
1131495,18000
1194484,18000
1141336,18000
1146182,18000
1162761,18000
1190909,18000
1137148,18000
1152526,18000
1210290,18000
1146295,18000
1145032,18000
1175358,18000
1141330,18000
1182671,18000
1207674,18000
1121654,18000
1196810,18000
1103821,18000
1182828,18000
1219058,18000
1110796,18000
1146334,18000
1163136,18000
1103941,18000
1097613,18000
1115609,18000
1223922,18000
1214501,18000
1110818,18000
1164404,18000
1107592,18000
1228808,18000
1101285,18000
1121067,18000
1200182,18000
1151948,18000
1101478,18000
1107563,18000
1095063,18000
1156906,18000
1096879,18000
1141107,18000
1175496,18000
1151086,18000
1106351,18000
1198018,18000
1156992,18000
1218453,18000
1106219,18000
1161631,18000
1183558,18000
1205309,18000
1134494,18000
1101518,18000
1175680,18000
1104374,18000
1146285,18000
1093418,18000
1210407,18000
1132664,18000
1223133,18000
1214357,18000
1199558,18000
1131554,18000
1205810,18000
1203851,18000
1155673,18000
1131195,18000
1107603,18000
1218692,18000
1197305,18000
1141264,18000
1199627,18000
1224648,18000
1103920,18000
1140908,18000
1205047,18000
1137502,18000
1214487,18000
1233846,18000
1175749,18000
1190589,18000
1151889,18000
1205279,18000
1101959,18000
1172812,18000
1163793,18000
1141273,18000
1167375,18000
1204847,18000
1190266,18000
1137468,18000
1131678,18000
1205479,18000
1137359,18000
1182477,18000
1167117,18000
1182323,18000
1096985,18000
1157129,18000
1225241,18000
1179713,18000
1182792,18000
1196369,18000
1207705,18000
1132328,18000
1131206,18000
1095705,18000
1205205,18000
1188997,18000
1174000,18000
1137265,18000
1167025,18000
1214352,18000
1101681,18000
1222928,18000
1233217,18000
1131596,18000
1146102,18000
1135300,18000
1169117,18000
1230733,18000
1170532,18000
1190434,18000
1134382,18000
1152379,18000
1133891,18000
1134446,18000
1162828,18000
1175445,18000
1158704,18000
1137493,18000
1222919,18000
1156870,18000
1224198,18000
1115509,18000
1110897,18000
1158647,18000
1207867,18000
1182869,18000
1107544,18000
1162795,18000
1207230,18000
1141090,18000
1210715,18000
1190683,18000
1110772,18000
1130971,18000
1214440,18000
1156938,18000
1110909,18000
1210835,18000
1131709,18000
1156847,18000
1182832,18000
1212510,18000
1170544,18000
1204866,18000
1190513,18000
1232854,18000
1146207,18000
1094550,18000
1218895,18000
1174720,18000
1094571,18000
1168458,18000
1162970,18000
1167021,18000
1182568,18000
1107408,18000
1169598,18000
1227061,18000
1226930,18000
1131710,18000
1167187,18000
1155732,18000
1146399,18000
1134255,18000
1115627,18000
1175512,18000
1162944,18000
1222674,18000
1207512,18000
1217596,18000
1161695,18000
1100106,18000
1145869,18000
1146080,18000
1117446,18000
1175352,18000
1179450,18000
1093095,18000
1190528,18000
1196771,18000
1143932,18000
1184877,18000
1190918,18000
1103950,18000
1157078,18000
1170501,18000
1207919,18000
1097143,18000
1103929,18000
1228866,18000
1151532,18000
1134332,18000
1228849,18000
1223026,18000
1197207,18000
1190383,18000
1225269,18000
1107645,18000
1205052,18000
1134483,18000
1190844,18000
1222952,18000
1107022,18000
1132089,18000
1103901,18000
1228845,18000
1112039,18000
1103785,18000
1141394,18000
1131192,18000
1208039,18000
1115082,18000
1214206,18000
1210414,18000
1117588,18000
1186848,18000
1169551,18000
1179739,18000
1205106,18000
1169779,18000
1094551,18000
1182905,18000
1183010,18000
1176613,18000
1093236,18000
1205776,18000
1175346,18000
1218949,18000
1234906,18000
1175695,18000
1205362,18000
1156328,18000
1223949,18000
1131159,18000
1224509,18000
1230002,18000
1234423,18000
1162960,18000
1158676,18000
1151850,18000
1130968,18000
1096868,18000
1115479,18000
1117404,18000
1224107,18000
1196886,18000
1226789,18000
1175842,18000
1191059,18000
1224685,18000
1204727,18000
1158648,18000
1151993,18000
1175692,18000
1146006,18000
1190953,18000
1110833,18000
1216104,18000
1190552,18000
1170486,18000
1204846,18000
1181262,18000
1167159,18000
1157188,18000
1141328,18000
1105505,18000
1181293,18000
1176711,18000
1131698,18000
1133717,18000
1116192,18000
1170392,18000
1233033,18000
1200043,18000
1100695,18000
1219023,18000
1182917,18000
1223096,18000
1190748,18000
1115453,18000
1161054,18000
1136377,18000
1234838,18000
1118619,18000
1156758,18000
1166949,18000
1131373,18000
1131570,18000
1233222,18000
1163002,18000
1110846,18000
1175768,18000
1197740,18000
1145097,18000
1146226,18000
1174735,18000
1234857,18000
1174624,18000
1129908,18000
1115353,18000
1179574,18000
1156025,18000
1096801,18000
1226904,18000
1096255,18000
1210805,18000
1158652,18000
1150528,18000
1182848,18000
1198558,18000
1136422,18000
1196982,18000
1170190,18000
1160326,18000
1151975,18000
1137433,18000
1189619,18000
1131147,18000
1225959,18000
1175725,18000
1167251,18000
1224349,18000
1154650,18000
1146081,18000
1151901,18000
1141323,18000
1233319,18000
1190289,18000
1163018,18000
1106277,18000
1093337,18000
1147129,18000
1144360,18000
1227295,18000
1210474,18000
1234865,18000
1197271,18000
1182486,18000
1175510,18000
1214318,18000
1205234,18000
1146118,18000
1151886,18000
1146244,18000
1096968,18000
1115046,18000
1181782,18000
1214506,18000
1228080,18000
1115448,18000
1210684,18000
1197783,18000
1214376,18000
1147104,18000
1107560,18000
1190987,18000
1151878,18000
1228889,18000
1097028,18000
1233140,18000
1190969,18000
1230740,18000
1233371,18000
1182755,18000
1208006,18000
1141289,18000
1131707,18000
1093364,18000
1230521,18000
1189628,18000
1232848,18000
1161718,18000
1225869,18000
1167168,18000
1163118,18000
1094564,18000
1182574,18000
1094567,18000
1208003,18000
1153296,18000
1153810,18000
1170562,18000
1223122,18000
1228700,18000
1218984,18000
1103856,18000
1169929,18000
1137457,18000
1190785,18000
1170597,18000
1158646,18000
1110898,18000
1214378,18000
1156900,18000
1233279,18000
1101216,18000
1157926,18000
1117581,18000
1182934,18000
1230741,18000
1194951,18000
1131339,18000
1178277,18000
1175392,18000
1121662,18000
1175476,18000
1131272,18000
1218946,18000
1197236,18000
1196364,18000
1133615,18000
1096838,18000
1225952,18000
1182933,18000
1219132,18000
1171937,18000
1199959,18000
1134358,18000
1226903,18000
1198017,18000
1146281,18000
1233262,18000
1210523,18000
1166843,18000
1155272,18000
1140037,18000
1205303,18000
1154271,18000
1182071,18000
1182431,18000
1117491,18000
1121493,18000
1193921,18000
1200069,18000
1190395,18000
1222996,18000
1210543,18000
1173527,18000
1219041,18000
1182790,18000
1154472,18000
1230035,18000
1152251,18000
1101176,18000
1197511,18000
1107521,18000
1101560,18000
1218846,18000
1157089,18000
1134243,18000
1096975,18000
1218178,18000
1115428,18000
1197088,18000
1226882,18000
1214361,18000
1191110,18000
1170515,18000
1190836,18000
1154146,18000
1146020,18000
1144490,18000
1152215,18000
1231678,18000
1233334,18000
1120346,18000
1207046,18000
1156069,18000
1109576,18000
1216303,18000
1175610,18000
1134432,18000
1096995,18000
1169096,18000
1131392,18000
1196938,18000
1233042,18000
1115579,18000
1182932,18000
1131669,18000
1190631,18000
1131560,18000
1198356,18000
1131370,18000
1214502,18000
1207945,18000
1145335,18000
1230702,18000
1194248,18000
1208106,18000
1115460,18000
1144694,18000
1226912,18000
1219052,18000
1121704,18000
1101521,18000
1182476,18000
1170394,18000
1107383,18000
1130252,18000
1156904,18000
1199437,18000
1131682,18000
1121706,18000
1197038,18000
1223131,18000
1151988,18000
1190594,18000
1151773,18000
1182944,18000
1190493,18000
1156917,18000
1152382,18000
1151966,18000
1110937,18000
1175665,18000
1176994,18000
1209934,18000
1134398,18000
1148235,18000
1162943,18000
1170339,18000
1190715,18000
1135006,18000
1096843,18000
1107588,18000
1121491,18000
1101325,18000
1218414,18000
1190474,18000
1196072,18000
1156675,18000
1210777,18000
1166535,18000
1157619,18000
1198264,18000
1228577,18000
1141123,18000
1178736,18000
1157170,18000
1093455,18000
1172052,18000
1210111,18000
1157900,18000
1205035,18000
1222687,18000
1116581,18000
1107654,18000
1102807,18000
1145933,18000
1222920,18000
1182550,18000
1164897,18000
1156652,18000
1163049,18000
1205230,18000
1142489,18000
1228847,18000
1166981,18000
1188156,18000
1094609,18000
1100181,18000
1210822,18000
1214445,18000
1205892,18000
1217709,18000
1172852,18000
1175361,18000
1205423,18000
1207278,18000
1167383,18000
1182589,18000
1225890,18000
1205009,18000
1157104,18000
1182645,18000
1175788,18000
1190557,18000
1149945,18000
1190454,18000
1149079,18000
1210672,18000
1214356,18000
1157133,18000
1204623,18000
1209914,18000
1169270,18000
1207534,18000
1194511,18000
1202877,18000
1154265,18000
1175255,18000
1207593,18000
1220270,18000
1096990,18000
1156775,18000
1152255,18000
1190967,18000
1131226,18000
1162883,18000
1131172,18000
1230732,18000
1166940,18000
1197103,18000
1190600,18000
1228831,18000
1190756,18000
1157075,18000
1200215,18000
1219022,18000
1145899,18000
1171076,18000
1181745,18000
1218999,18000
1210823,18000
1163128,18000
1175671,18000
1148947,18000
1190703,18000
1175668,18000
1181404,18000
1151947,18000
1224356,18000
1230513,18000
1149967,18000
1141106,18000
1167145,18000
1163063,18000
1222963,18000
1115576,18000
1167100,18000
1218418,18000
1117422,18000
1103845,18000
1175681,18000
1137248,18000
1094570,18000
1121676,18000
1166980,18000
1115614,18000
1120321,18000
1182372,18000
1195486,18000
1107564,18000
1167092,18000
1100866,18000
1107616,18000
1162402,18000
1190473,18000
1128732,18000
1171450,18000
1224367,18000
1210525,18000
1208666,18000
1170469,18000
1093439,18000
1183009,18000
1205201,18000
1151456,18000
1198313,18000
1154266,18000
1205110,18000
1103884,18000
1190373,18000
1131185,18000
1103769,18000
1232892,18000
1214488,18000
1145879,18000
1162938,18000
1117474,18000
1121617,18000
1175364,18000
1119925,18000
1131420,18000
1190668,18000
1221084,18000
1149010,18000
1200190,18000
1115557,18000
1197120,18000
1170448,18000
1162837,18000
1115379,18000
1175356,18000
1175383,18000
1105249,18000
1191064,18000
1136901,18000
1101528,18000
1175778,18000
1232674,18000
1131404,18000
1218917,18000
1131407,18000
1181410,18000
1135739,18000
1161760,18000
1116075,18000
1120991,18000
1146134,18000
1137324,18000
1197102,18000
1166399,18000
1234536,18000
1142505,18000
1233164,18000
1103897,18000
1107745,18000
1168705,18000
1101312,18000
1182468,18000
1146016,18000
1129812,18000
1093436,18000
1143962,18000
1230510,18000
1096979,18000
1175384,18000
1224766,18000
1115450,18000
1121517,18000
1228217,18000
1205395,18000
1169930,18000
1158674,18000
1163083,18000
1190471,18000
1218395,18000
1186050,18000
1158085,18000
1215410,18000
1093424,18000
1115575,18000
1152119,18000
1230716,18000
1201324,18000
1093446,18000
1117486,18000
1117580,18000
1156970,18000
1218920,18000
1182618,18000
1182787,18000
1170517,18000
1121686,18000
1171065,18000
1229587,18000
1228748,18000
1175612,18000
1206547,18000
1107712,18000
1146236,18000
1173552,18000
1191134,18000
1175660,18000
1209874,18000
1145934,18000
1096943,18000
1131526,18000
1214497,18000
1205206,18000
1175450,18000
1137414,18000
1226921,18000
1174528,18000
1141422,18000
1093334,18000
1191152,18000
1175502,18000
1144998,18000
1208004,18000
1144685,18000
1100604,18000
1096463,18000
1137485,18000
1170356,18000
1229803,18000
1163021,18000
1132449,18000
1094633,18000
1115359,18000
1157564,18000
1146011,18000
1131166,18000
1218543,18000
1196856,18000
1182405,18000
1145903,18000
1208144,18000
1132367,18000
1200225,18000
1170361,18000
1134354,18000
1170159,18000
1163039,18000
1214498,18000
1197083,18000
1176977,18000
1197256,18000
1167146,18000
1218129,18000
1115381,18000
1233190,18000
1185884,18000
1152224,18000
1205389,18000
1115772,18000
1170416,18000
1101268,18000
1209175,18000
1103256,18000
1101190,18000
1210293,18000
1129993,18000
1121555,18000
1131179,18000
1170398,18000
1162845,18000
1131379,18000
1146112,18000
1101461,18000
1162722,18000
1115439,18000
1208619,18000
1233157,18000
1141228,18000
1142917,18000
1204898,18000
1191104,18000
1166903,18000
1176249,18000
1224343,18000
1190993,18000
1204662,18000
1093281,18000
1193386,18000
1103851,18000
1135301,18000
1230680,18000
1175497,18000
1225262,18000
1101379,18000
1208108,18000
1221838,18000
1213761,18000
1115733,18000
1112020,18000
1137289,18000
1214515,18000
1167190,18000
1120852,18000
1152218,18000
1148234,18000
1191031,18000
1115033,18000
1207741,18000
1214423,18000
1175398,18000
1190606,18000
1134378,18000
1162533,18000
1175632,18000
1107515,18000
1169275,18000
1222117,18000
1174192,18000
1162931,18000
1134372,18000
1182684,18000
1171474,18000
1200195,18000
1131383,18000
1131309,18000
1157032,18000
1163052,18000
1197093,18000
1182745,18000
1188138,18000
1131699,18000
1197270,18000
1208960,18000
1210743,18000
1214413,18000
1103862,18000
1107535,18000
1133464,18000
1222363,18000
1175764,18000
1182863,18000
1121486,18000
1190968,18000
1197986,18000
1141534,18000
1133758,18000
1189442,18000
1224380,18000
1152253,18000
1222988,18000
1211774,18000
1206792,18000
1208074,18000
1214110,18000
1182644,18000
1204122,18000
1115392,18000
1157083,18000
1170426,18000
1115654,18000
1223116,18000
1118748,18000
1158678,18000
1145996,18000
1141463,18000
1225640,18000
1110553,18000
1202662,18000
1218358,18000
1144897,18000
1161948,18000
1134479,18000
1175723,18000
1198350,18000
1196041,18000
1162551,18000
1182943,18000
1196382,18000
1110447,18000
1230675,18000
1221756,18000
1167106,18000
1189435,18000
1175758,18000
1107671,18000
1170178,18000
1130908,18000
1093428,18000
1146165,18000
1137311,18000
1115355,18000
1152254,18000
1120819,18000
1196942,18000
1110926,18000
1146061,18000
1208060,18000
1145988,18000
1191108,18000
1182843,18000
1234739,18000
1204225,18000
1182784,18000
1121524,18000
1191081,18000
1131673,18000
1181916,18000
1222626,18000
1094588,18000
1205275,18000
1181822,18000
1197182,18000
1134240,18000
1156636,18000
1194333,18000
1182763,18000
1162211,18000
1178795,18000
1230646,18000
1182610,18000
1146200,18000
1194244,18000
1190679,18000
1209970,18000
1210849,18000
1182996,18000
1152548,18000
1110582,18000
1182972,18000
1210436,18000
1224406,18000
1202400,18000
1096846,18000
1230734,18000
1220313,18000
1179620,18000
1115584,18000
1162646,18000
1230649,18000
1234765,18000
1199753,18000
1229335,18000
1175716,18000
1110929,18000
1205391,18000
1194509,18000
1190514,18000
1144580,18000
1214453,18000
1196969,18000
1217102,18000
1175741,18000
1181821,18000
1093369,18000
1182728,18000
1170499,18000
1145316,18000
1134308,18000
1152141,18000
1225234,18000
1156998,18000
1204317,18000
1162729,18000
1115006,18000
1151959,18000
1141251,18000
1167408,18000
1110862,18000
1214489,18000
1193765,18000
1101558,18000
1150636,18000
1150585,18000
1233297,18000
1228654,18000
1219096,18000
1101421,18000
1182394,18000
1200199,18000
1146431,18000
1093074,18000
1146395,18000
1205404,18000
1204368,18000
1167523,18000
1191085,18000
1182499,18000
1167006,18000
1093605,18000
1121475,18000
1115562,18000
1205132,18000
1151879,18000
1191129,18000
1190568,18000
1146345,18000
1233825,18000
1158640,18000
1210379,18000
1133704,18000
1218972,18000
1225039,18000
1103729,18000
1175415,18000
1222658,18000
1155980,18000
1115504,18000
1200219,18000
1228806,18000
1190875,18000
1115363,18000
1156898,18000
1107805,18000
1175494,18000
1120781,18000
1204331,18000
1210758,18000
1166807,18000
1214537,18000
1141268,18000
1200149,18000
1152134,18000
1180710,18000
1168760,18000
1218979,18000
1133334,18000
1224499,18000
1190727,18000
1207477,18000
1162472,18000
1134392,18000
1103832,18000
1218667,18000
1205253,18000
1196788,18000
1131468,18000
1133361,18000
1134331,18000
1136153,18000
1201887,18000
1171487,18000
1096607,18000
1131425,18000
1131639,18000
1209947,18000
1106900,18000
1208171,18000
1137317,18000
1198905,18000
1131514,18000
1107790,18000
1225659,18000
1234886,18000
1131363,18000
1145887,18000
1170579,18000
1158372,18000
1183046,18000
1182665,18000
1190221,18000
1222705,18000
1225025,18000
1134380,18000
1137085,18000
1176990,18000
1137032,18000
1161900,18000
1115443,18000
1181414,18000
1156482,18000
1182035,18000
1207763,18000
1163066,18000
1170957,18000
1224759,18000
1096328,18000
1162919,18000
1131430,18000
1152164,18000
1131474,18000
1107771,18000
1189983,18000
1225845,18000
1197513,18000
1182332,18000
1223006,18000
1151533,18000
1157916,18000
1115773,18000
1101126,18000
1173334,18000
1141428,18000
1094586,18000
1156798,18000
1175771,18000
1151885,18000
1141486,18000
1133609,18000
1166899,18000
1204791,18000
1219124,18000
1101984,18000
1205215,18000
1230632,18000
1141255,18000
1158615,18000
1174858,18000
1133987,18000
1101188,18000
1132999,18000
1115904,18000
1225467,18000
1115080,18000
1115741,18000
1145948,18000
1131432,18000
1135529,18000
1101438,18000
1175253,18000
1175566,18000
1182429,18000
1204206,18000
1146168,18000
1198830,18000
1146350,18000
1197188,18000
1179898,18000
1101387,18000
1141100,18000
1096915,18000
1198054,18000
1217493,18000
1141476,18000
1107657,18000
1205305,18000
1179700,18000
1181001,18000
1224803,18000
1173752,18000
1218918,18000
1182420,18000
1131683,18000
1151500,18000
1224747,18000
1093454,18000
1228255,18000
1190873,18000
1191040,18000
1190829,18000
1195401,18000
1175019,18000
1115511,18000
1194165,18000
1222706,18000
1094577,18000
1156973,18000
1166928,18000
1172845,18000
1110954,18000
1151986,18000
1156828,18000
1141413,18000
1152380,18000
1137478,18000
1134002,18000
1131513,18000
1198833,18000
1204899,18000
1191139,18000
1228265,18000
1182868,18000
1157025,18000
1201434,18000
1121680,18000
1096639,18000
1102617,18000
1182707,18000
1101168,18000
1175639,18000
1209328,18000
1204253,18000
1205548,18000
1166912,18000
1182624,18000
1182735,18000
1097026,18000
1157144,18000
1234895,18000
1098421,18000
1173052,18000
1115303,18000
1103261,18000
1146129,18000
1115352,18000
1115252,18000
1115554,18000
1163027,18000
1115606,18000
1145970,18000
1228212,18000
1223045,18000
1131628,18000
1137469,18000
1183001,18000
1203811,18000
1156729,18000
1210668,18000
1200169,18000
1110809,18000
1197507,18000
1093423,18000
1223013,18000
1182061,18000
1175385,18000
1212498,18000
1131438,18000
1172866,18000
1121622,18000
1101275,18000
1207521,18000
1131163,18000
1214288,18000
1175467,18000
1151440,18000
1101335,18000
1221823,18000
1115522,18000
1133624,18000
1190272,18000
1162934,18000
1117518,18000
1121509,18000
1145008,18000
1150701,18000
1131592,18000
1229377,18000
1170415,18000
1107791,18000
1210669,18000
1204873,18000
1169284,18000
1101547,18000
1157006,18000
1166916,18000
1223085,18000
1134487,18000
1098440,18000
1117494,18000
1179732,18000
1197486,18000
1136604,18000
1226888,18000
1115681,18000
1110948,18000
1117255,18000
1221587,18000
1157139,18000
1191093,18000
1110220,18000
1157018,18000
1222902,18000
1190518,18000
1219046,18000
1179617,18000
1145908,18000
1230360,18000
1182837,18000
1141294,18000
1169280,18000
1234839,18000
1205266,18000
1121601,18000
1103915,18000
1100585,18000
1190978,18000
1216403,18000
1121607,18000
1204073,18000
1186430,18000
1222650,18000
1223917,18000
1225156,18000
1219072,18000
1110872,18000
1223098,18000
1212496,18000
1223012,18000
1121527,18000
1218931,18000
1223024,18000
1230150,18000
1207840,18000
1170531,18000
1182357,18000
1234344,18000
1225968,18000
1210619,18000
1114264,18000
1094234,18000
1162735,18000
1094545,18000
1110900,18000
1208111,18000
1200209,18000
1233307,18000
1182807,18000
1175477,18000
1152161,18000
1214450,18000
1115705,18000
1229007,18000
1182778,18000
1175611,18000
1110721,18000
1137376,18000
1137362,18000
1218723,18000
1190323,18000
1156948,18000
1197392,18000
1233268,18000
1210651,18000
1156407,18000
1210377,18000
1107723,18000
1103808,18000
1115685,18000
1214422,18000
1225796,18000
1226902,18000
1131635,18000
1134461,18000
1205412,18000
1132385,18000
1234757,18000
1107587,18000
1146038,18000
1158061,18000
1178962,18000
1203373,18000
1179971,18000
1121535,18000
1107734,18000
1162839,18000
1115749,18000
1171223,18000
1201911,18000
1200068,18000
1167010,18000
1222679,18000
1162786,18000
1101364,18000
1101224,18000
1233258,18000
1110888,18000
1183015,18000
1110774,18000
1208095,18000
1215780,18000
1205218,18000
1190496,18000
1134198,18000
1195438,18000
1205200,18000
1121664,18000
1171833,18000
1107699,18000
1115679,18000
1205318,18000
1115701,18000
1198339,18000
1218121,18000
1190576,18000
1093338,18000
1137327,18000
1134309,18000
1097059,18000
1182658,18000
1103180,18000
1195766,18000
1210685,18000
1152201,18000
1171460,18000
1218870,18000
1195873,18000
1142286,18000
1115703,18000
1137316,18000
1182687,18000
1229644,18000
1210831,18000
1096367,18000
1206980,18000
1197116,18000
1092791,18000
1101221,18000
1101315,18000
1096017,18000
1198557,18000
1137410,18000
1094636,18000
1094635,18000
1190897,18000
1151215,18000
1205346,18000
1110891,18000
1101185,18000
1107693,18000
1234913,18000
1191063,18000
1115740,18000
1234905,18000
1141087,18000
1157033,18000
1197941,18000
1174964,18000
1181645,18000
1103828,18000
1152069,18000
1230361,18000
1143865,18000
1146104,18000
1134865,18000
1110518,18000
1197278,18000
1167134,18000
1234548,18000
1214442,18000
1094471,18000
1134355,18000
1175721,18000
1167009,18000
1207934,18000
1096016,18000
1157038,18000
1145975,18000
1097073,18000
1182583,18000
1117563,18000
1178066,18000
1196075,18000
1166960,18000
1182935,18000
1107726,18000
1190692,18000
1162730,18000
1225006,18000
1152107,18000
1227336,18000
1144992,18000
1103850,18000
1110957,18000
1219037,18000
1198328,18000
1147622,18000
1107716,18000
1220519,18000
1210542,18000
1158609,18000
1219029,18000
1147432,18000
1204209,18000
1097813,18000
1221922,18000
1223931,18000
1146347,18000
1169273,18000
1152053,18000
1156897,18000
1117559,18000
1157035,18000
1206794,18000
1101987,18000
1151586,18000
1169834,18000
1182479,18000
1121621,18000
1218886,18000
1178034,18000
1149637,18000
1117482,18000
1110837,18000
1121669,18000
1218997,18000
1101129,18000
1152043,18000
1196052,18000
1218942,18000
1234168,18000
1115500,18000
1151679,18000
1222655,18000
1167407,18000
1227193,18000
1107806,18000
1130446,18000
1164958,18000
1218201,18000
1137475,18000
1135920,18000
1197670,18000
1182983,18000
1121500,18000
1190393,18000
1157969,18000
1214408,18000
1214444,18000
1191007,18000
1137102,18000
1203064,18000
1165193,18000
1198855,18000
1107800,18000
1115651,18000
1151987,18000
1223063,18000
1191067,18000
1225029,18000
1190792,18000
1147097,18000
1151833,18000
1141397,18000
1208248,18000
1152090,18000
1228172,18000
1232343,18000
1115158,18000
1227153,18000
1141446,18000
1227568,18000
1101562,18000
1196224,18000
1169311,18000
1227865,18000
1225581,18000
1171098,18000
1197091,18000
1136114,18000
1219538,18000
1230524,18000
1152243,18000
1198312,18000
1101543,18000
1117542,18000
1174954,18000
1196897,18000
1114327,18000
1110895,18000
1134306,18000
1121712,18000
1114656,18000
1131555,18000
1137405,18000
1158606,18000
1134020,18000
1157183,18000
1146121,18000
1162723,18000
1134303,18000
1130330,18000
1110949,18000
1207984,18000
1135314,18000
1181377,18000
1131479,18000
1162962,18000
1141464,18000
1110959,18000
1198854,18000
1195932,18000
1115574,18000
1200192,18000
1097129,18000
1158045,18000
1101332,18000
1110604,18000
1190927,18000
1215204,18000
1130235,18000
1197684,18000
1131247,18000
1225111,18000
1131657,18000
1133950,18000
1205361,18000
1121709,18000
1222735,18000
1207571,18000
1121714,18000
1155741,18000
1221781,18000
1190554,18000
1141516,18000
1219007,18000
1101151,18000
1191084,18000
1134435,18000
1131597,18000
1196932,18000
1149362,18000
1214054,18000
1214328,18000
1218218,18000
1143741,18000
1175706,18000
1099532,18000
1205791,18000
1137391,18000
1170428,18000
1224726,18000
1152746,18000
1137339,18000
1228218,18000
1225781,18000
1101854,18000
1203095,18000
1198311,18000
1106566,18000
1205301,18000
1136174,18000
1107469,18000
1170457,18000
1230103,18000
1146398,18000
1156907,18000
1131584,18000
1214372,18000
1171550,18000
1097004,18000
1196975,18000
1141529,18000
1134164,18000
1228822,18000
1190935,18000
1190538,18000
1110873,18000
1115531,18000
1162785,18000
1131627,18000
1198266,18000
1182910,18000
1221853,18000
1191010,18000
1145936,18000
1223159,18000
1141433,18000
1174870,18000
1153333,18000
1121329,18000
1131571,18000
1197015,18000
1215645,18000
1166989,18000
1146031,18000
1190813,18000
1157138,18000
1101231,18000
1094552,18000
1205069,18000
1170331,18000
1100784,18000
1116859,18000
1101376,18000
1162889,18000
1131342,18000
1200119,18000
1190504,18000
1200154,18000
1191114,18000
1214479,18000
1107542,18000
1229591,18000
1190445,18000
1182750,18000
1222943,18000
1191107,18000
1206116,18000
1129810,18000
1198718,18000
1204964,18000
1197189,18000
1219087,18000
1180920,18000
1130852,18000
1146482,18000
1182621,18000
1182703,18000
1107548,18000
1094624,18000
1204995,18000
1175174,18000
1219094,18000
1155689,18000
1167154,18000
1182685,18000
1137347,18000
1196817,18000
1152196,18000
1171905,18000
1121684,18000
1131607,18000
1191051,18000
1169960,18000
1162742,18000
1183006,18000
1134244,18000
1149929,18000
1167124,18000
1146227,18000
1209379,18000
1140569,18000
1110890,18000
1136886,18000
1181241,18000
1166546,18000
1110762,18000
1190491,18000
1222831,18000
1115495,18000
1121649,18000
1164149,18000
1146373,18000
1218585,18000
1227035,18000
1230660,18000
1133897,18000
1158553,18000
1151918,18000
1230239,18000
1217864,18000
1133571,18000
1214238,18000
1182502,18000
1115739,18000
1101181,18000
1115365,18000
1121496,18000
1211817,18000
1151956,18000
1135047,18000
1166666,18000
1190710,18000
1092937,18000
1115597,18000
1154127,18000
1145478,18000
1117557,18000
1158685,18000
1157063,18000
1110225,18000
1170767,18000
1223029,18000
1197026,18000
1233310,18000
1167087,18000
1166923,18000
1190439,18000
1191118,18000
1157186,18000
1207513,18000
1152264,18000
1131461,18000
1149319,18000
1199933,18000
1149040,18000
1224574,18000
1182533,18000
1218425,18000
1152062,18000
1181400,18000
1093460,18000
1170304,18000
1117569,18000
1136311,18000
1226898,18000
1232268,18000
1140297,18000
1131548,18000
1134310,18000
1149944,18000
1137438,18000
1207500,18000
1197201,18000
1228651,18000
1131274,18000
1182635,18000
1157158,18000
1204896,18000
1222960,18000
1194816,18000
1130361,18000
1144758,18000
1207215,18000
1190475,18000
1203154,18000
1222860,18000
1182391,18000
1190002,18000
1146166,18000
1115401,18000
1097066,18000
1197177,18000
1230597,18000
1221806,18000
1154420,18000
1218661,18000
1179149,18000
1174933,18000
1230034,18000
1196863,18000
1170350,18000
1219438,18000
1190571,18000
1167188,18000
1114186,18000
1161519,18000
1141260,18000
1204180,18000
1131181,18000
1163134,18000
1151851,18000
1222929,18000
1233249,18000
1170437,18000
1197124,18000
1170495,18000
1131256,18000
1174859,18000
1115521,18000
1145992,18000
1150861,18000
1208195,18000
1225703,18000
1220657,18000
1117458,18000
1233277,18000
1115769,18000
1208141,18000
1130950,18000
1200050,18000
1182546,18000
1136430,18000
1109987,18000
1157094,18000
1227171,18000
1141400,18000
1103608,18000
1093358,18000
1233314,18000
1197585,18000
1206703,18000
1174771,18000
1131634,18000
1182859,18000
1115356,18000
1115409,18000
1101524,18000
1205418,18000
1189862,18000
1138471,18000
1224375,18000
1164360,18000
1151059,18000
1107460,18000
1152059,18000
1219105,18000
1206003,18000
1130879,18000
1166798,18000
1210384,18000
1198228,18000
1131527,18000
1174025,18000
1137623,18000
1233248,18000
1175228,18000
1190400,18000
1173208,18000
1104662,18000
1143851,18000
1143214,18000
1121485,18000
1221369,18000
1110778,18000
1162765,18000
1191113,18000
1170560,18000
1199488,18000
1146221,18000
1146327,18000
1167024,18000
1107636,18000
1229378,18000
1211694,18000
1093465,18000
1228890,18000
1216630,18000
1145913,18000
1097015,18000
1156920,18000
1229374,18000
1209913,18000
1141371,18000
1150997,18000
1107549,18000
1228846,18000
1232436,18000
1153300,18000
1214253,18000
1110541,18000
1225093,18000
1214382,18000
1152023,18000
1096258,18000
1110876,18000
1117462,18000
1182364,18000
1163072,18000
1233094,18000
1197198,18000
1198302,18000
1110825,18000
1101411,18000
1131708,18000
1101510,18000
1152037,18000
1107604,18000
1157012,18000
1165619,18000
1148144,18000
1218938,18000
1117380,18000
1141442,18000
1096886,18000
1218862,18000
1115600,18000
1166765,18000
1217423,18000
1157887,18000
1134353,18000
1152030,18000
1103839,18000
1163115,18000
1182899,18000
1190404,18000
1157113,18000
1183012,18000
1131377,18000
1115412,18000
1182572,18000
1103684,18000
1218697,18000
1121690,18000
1214280,18000
1205315,18000
1191016,18000
1131568,18000
1226897,18000
1233323,18000
1152281,18000
1130468,18000
1219142,18000
1222864,18000
1120839,18000
1203449,18000
1190768,18000
1194525,18000
1205906,18000
1121576,18000
1103333,18000
1223114,18000
1218910,18000
1218689,18000
1175772,18000
1174419,18000
1093723,18000
1210648,18000
1110921,18000
1162049,18000
1189474,18000
1207643,18000
1203714,18000
1222999,18000
1205260,18000
1162660,18000
1192372,18000
1094750,18000
1170717,18000
1197258,18000
1141219,18000
1214324,18000
1131441,18000
1175389,18000
1190914,18000
1190767,18000
1146198,18000
1193841,18000
1107663,18000
1196894,18000
1197194,18000
1232901,18000
1115567,18000
1190431,18000
1206312,18000
1131151,18000
1210840,18000
1233087,18000
1141522,18000
1152217,18000
1213525,18000
1162852,18000
1152033,18000
1182538,18000
1230738,18000
1155463,18000
1103760,18000
1115774,18000
1152223,18000
1168036,18000
1149712,18000
1101235,18000
1107566,18000
1097001,18000
1219902,18000
1189377,18000
1219145,18000
1190476,18000
1182751,18000
1131390,18000
1134296,18000
1200151,18000
1185475,18000
1182799,18000
1137319,18000
1131494,18000
1146172,18000
1103688,18000
1120723,18000
1219129,18000
1162921,18000
1198678,18000
1102790,18000
1120879,18000
1107447,18000
1101175,18000
1205223,18000
1158119,18000
1225499,18000
1191050,18000
1200204,18000
1200203,18000
1094634,18000
1146146,18000
1143703,18000
1197071,18000
1210791,18000
1110821,18000
1115590,18000
1218088,18000
1218313,18000
1138166,18000
1127768,18000
1206637,18000
1205243,18000
1141365,18000
1097005,18000
1175562,18000
1208099,18000
1131180,18000
1167213,18000
1115686,18000
1101245,18000
1208187,18000
1182758,18000
1166900,18000
1179805,18000
1225037,18000
1121703,18000
1166890,18000
1210120,18000
1174126,18000
1130251,18000
1226891,18000
1141355,18000
1157149,18000
1214524,18000
1182617,18000
1131398,18000
1145813,18000
1198348,18000
1097045,18000
1117541,18000
1198211,18000
1170311,18000
1152006,18000
1210607,18000
1100029,18000
1141296,18000
1200227,18000
1135299,18000
1179265,18000
1174637,18000
1121574,18000
1223018,18000
1096926,18000
1190622,18000
1141468,18000
1163023,18000
1170386,18000
1191068,18000
1210305,18000
1198111,18000
1208063,18000
1175509,18000
1101232,18000
1210832,18000
1107012,18000
1167392,18000
1101266,18000
1155474,18000
1163102,18000
1144752,18000
1097134,18000
1182505,18000
1107651,18000
1162924,18000
1198644,18000
1131675,18000
1197098,18000
1096796,18000
1210778,18000
1136423,18000
1175702,18000
1145942,18000
1101255,18000
1223097,18000
1204857,18000
1146296,18000
1199632,18000
1107735,18000
1117523,18000
1137418,18000
1234856,18000
1103805,18000
1121665,18000
1162833,18000
1141094,18000
1159780,18000
1182371,18000
1175406,18000
1156473,18000
1152128,18000
1152100,18000
1145924,18000
1228629,18000
1130260,18000
1096907,18000
1131687,18000
1210681,18000
1110442,18000
1175213,18000
1210724,18000
1131162,18000
1228744,18000
1137365,18000
1115441,18000
1205216,18000
1131452,18000
1131480,18000
1151131,18000
1097035,18000
1233243,18000
1093341,18000
1152585,18000
1151096,18000
1131366,18000
1210847,18000
1167115,18000
1225905,18000
1208161,18000
1153013,18000
1107314,18000
1106939,18000
1214396,18000
1158522,18000
1136877,18000
1170417,18000
1157097,18000
1156698,18000
1121516,18000
1210590,18000
1107528,18000
1144857,18000
1141344,18000
1230429,18000
1223062,18000
1094339,18000
1115528,18000
1121620,18000
1174991,18000
1222983,18000
1110878,18000
1141403,18000
1174937,18000
1175089,18000
1175446,18000
1205056,18000
1193812,18000
1210810,18000
1134381,18000
1196858,18000
1103334,18000
1134370,18000
1166460,18000
1170491,18000
1110945,18000
1131653,18000
1146277,18000
1131288,18000
1151836,18000
1131241,18000
1219002,18000
1137255,18000
1219133,18000
1224489,18000
1214165,18000
1175657,18000
1153392,18000
1205271,18000
1156682,18000
1130832,18000
1230534,18000
1172787,18000
1216088,18000
1161489,18000
1096945,18000
1170157,18000
1103902,18000
1142508,18000
1141353,18000
1206192,18000
1205006,18000
1179711,18000
1204211,18000
1196807,18000
1190766,18000
1204590,18000
1197114,18000
1162539,18000
1096965,18000
1201723,18000
1162571,18000
1162791,18000
1173195,18000
1165735,18000
1146388,18000
1224518,18000
1191477,18000
1162755,18000
1156687,18000
1145722,18000
1150225,18000
1137348,18000
1152240,18000
1121483,18000
1196435,18000
1131316,18000
1121693,18000
1167202,18000
1117484,18000
1133076,18000
1142106,18000
1205417,18000
1110136,18000
1183004,18000
1101210,18000
1115687,18000
1107696,18000
1145919,18000
1157055,18000
1190532,18000
1233336,18000
1207965,18000
1200188,18000
1145928,18000
1208049,18000
1175448,18000
1196036,18000
1141238,18000
1152387,18000
1169924,18000
1166974,18000
1108540,18000
1225963,18000
1190575,18000
1155138,18000
1191028,18000
1167144,18000
1156191,18000
1106995,18000
1207850,18000
1103794,18000
1222695,18000
1107661,18000
1132534,18000
1093437,18000
1115569,18000
1115603,18000
1179479,18000
1141858,18000
1190971,18000
1190644,18000
1093227,18000
1181760,18000
1175081,18000
1173021,18000
1141642,18000
1218615,18000
1228870,18000
1222792,18000
1155996,18000
1196985,18000
1137330,18000
1103914,18000
1205185,18000
1193193,18000
1141288,18000
1146055,18000
1158630,18000
1222552,18000
1197017,18000
1131273,18000
1118326,18000
1230731,18000
1222053,18000
1141511,18000
1131268,18000
1149364,18000
1218926,18000
1151740,18000
1207010,18000
1096377,18000
1228543,18000
1146169,18000
1219063,18000
1233092,18000
1157085,18000
1149076,18000
1207520,18000
1121591,18000
1166945,18000
1218577,18000
1198340,18000
1197247,18000
1218856,18000
1232254,18000
1107512,18000
1105289,18000
1115623,18000
1101329,18000
1120312,18000
1234831,18000
1151372,18000
1131232,18000
1210686,18000
1134299,18000
1130902,18000
1165666,18000
1210554,18000
1210660,18000
1211784,18000
1219081,18000
1210729,18000
1167061,18000
1198858,18000
1134368,18000
1190426,18000
1195331,18000
1143687,18000
1166952,18000
1196185,18000
1163037,18000
1180528,18000
1092919,18000
1140780,18000
1103889,18000
1115756,18000
1094673,18000
1233287,18000
1107565,18000
1101457,18000
1182757,18000
1217406,18000
1190378,18000
1110525,18000
1138641,18000
1197105,18000
1182564,18000
1134416,18000
1167026,18000
1101191,18000
1151895,18000
1166889,18000
1230045,18000
1230676,18000
1195740,18000
1182887,18000
1115398,18000
1170771,18000
1175608,18000
1207827,18000
1137278,18000
1174644,18000
1197661,18000
1110784,18000
1200205,18000
1197700,18000
1228882,18000
1205232,18000
1152166,18000
1204974,18000
1121504,18000
1139580,18000
1230612,18000
1210828,18000
1230686,18000
1190849,18000
1137149,18000
1189974,18000
1141341,18000
1225044,18000
1134030,18000
1157189,18000
1103804,18000
1149045,18000
1167376,18000
1107713,18000
1107731,18000
1174327,18000
1170477,18000
1190735,18000
1097037,18000
1234742,18000
1218215,18000
1141276,18000
1134462,18000
1233074,18000
1191066,18000
1207852,18000
1157628,18000
1190555,18000
1175707,18000
1121602,18000
1156319,18000
1152239,18000
1176735,18000
1117545,18000
1190414,18000
1129529,18000
1197759,18000
1168069,18000
1103121,18000
1197127,18000
1131328,18000
1114736,18000
1202175,18000
1097024,18000
1225204,18000
1141088,18000
1131335,18000
1141435,18000
1157021,18000
1162952,18000
1214629,18000
1163098,18000
1162252,18000
1224691,18000
1191054,18000
1203143,18000
1107143,18000
1229163,18000
1166838,18000
1156618,18000
1141393,18000
1196822,18000
1182825,18000
1133071,18000
1207710,18000
1233276,18000
1166311,18000
1204829,18000
1141460,18000
1204515,18000
1141421,18000
1182600,18000
1190603,18000
1190714,18000
1156990,18000
1137460,18000
1162692,18000
1182558,18000
1158671,18000
1204764,18000
1129765,18000
1233099,18000
1107152,18000
1205571,18000
1094641,18000
1115477,18000
1101402,18000
1101511,18000
1207868,18000
1101990,18000
1203733,18000
1183024,18000
1198283,18000
1152615,18000
1093402,18000
1134374,18000
1212512,18000
1175620,18000
1151805,18000
1218937,18000
1137436,18000
1141386,18000
1156317,18000
1146096,18000
1163010,18000
1191008,18000
1130741,18000
1134193,18000
1134860,18000
1155700,18000
1101200,18000
1162753,18000
1138165,18000
1228719,18000
1224365,18000
1131637,18000
1179702,18000
1152238,18000
1196935,18000
1182525,18000
1115568,18000
1225114,18000
1225825,18000
1133335,18000
1151230,18000
1233278,18000
1230708,18000
1137423,18000
1156030,18000
1103894,18000
1234885,18000
1167244,18000
1151923,18000
1234636,18000
1145154,18000
1110831,18000
1158689,18000
1212491,18000
1197081,18000
1225395,18000
1170496,18000
1190942,18000
1196537,18000
1141552,18000
1174934,18000
1214492,18000
1167204,18000
1093522,18000
1196223,18000
1104887,18000
1146213,18000
1101182,18000
1121595,18000
1182747,18000
1197517,18000
1204877,18000
1131550,18000
1182952,18000
1182694,18000
1196626,18000
1197233,18000
1226879,18000
1213798,18000
1210802,18000
1223106,18000
1156750,18000
1151915,18000
1146256,18000
1151909,18000
1137374,18000
1200200,18000
1182697,18000
1203707,18000
1234551,18000
1228657,18000
1101519,18000
1177224,18000
1117527,18000
1218873,18000
1146092,18000
1094591,18000
1182719,18000
1094637,18000
1162573,18000
1121683,18000
1134467,18000
1151818,18000
1093462,18000
1145711,18000
1230312,18000
1146366,18000
1101492,18000
1174500,18000
1218934,18000
1096931,18000
1101336,18000
1115565,18000
1219070,18000
1170104,18000
1107748,18000
1141244,18000
1222899,18000
1229579,18000
1167043,18000
1230398,18000
1167185,18000
1159515,18000
1190460,18000
1170107,18000
1117556,18000
1234898,18000
1147571,18000
1107532,18000
1145196,18000
1226876,18000
1143256,18000
1173904,18000
1234661,18000
1205222,18000
1197637,18000
1205731,18000
1156706,18000
1214428,18000
1210811,18000
1216439,18000
1205039,18000
1097032,18000
1164950,18000
1190450,18000
1224221,18000
1141179,18000
1128196,18000
1162770,18000
1225961,18000
1134490,18000
1101557,18000
1181314,18000
1170443,18000
1146724,18000
1101186,18000
1200201,18000
1146310,18000
1131422,18000
1130644,18000
1152181,18000
1205273,18000
1103204,18000
1210712,18000
1181817,18000
1214374,18000
1101187,18000
1110830,18000
1146483,18000
1163086,18000
1137453,18000
1182820,18000
1221443,18000
1222403,18000
1121578,18000
1190787,18000
1190890,18000
1166913,18000
1117460,18000
1117515,18000
1204775,18000
1131434,18000
1096993,18000
1171996,18000
1096921,18000
1094582,18000
1141062,18000
1092885,18000
1117459,18000
1141214,18000
1222836,18000
1224360,18000
1107099,18000
1221775,18000
1222958,18000
1131510,18000
1166920,18000
1110853,18000
1134359,18000
1110807,18000
1195425,18000
1110799,18000
1101490,18000
1213658,18000
1121349,18000
1141389,18000
1210808,18000
1233183,18000
1161458,18000
1131311,18000
1158666,18000
1189932,18000
1205383,18000
1222973,18000
1136657,18000
1096944,18000
1169705,18000
1146142,18000
1204371,18000
1175624,18000
1137368,18000
1162721,18000
1092916,18000
1131251,18000
1208191,18000
1205042,18000
1110186,18000
1152271,18000
1146229,18000
1175568,18000
1204967,18000
1182683,18000
1101290,18000
1117583,18000
1131382,18000
1107559,18000
1230614,18000
1096894,18000
1198613,18000
1103895,18000
1220672,18000
1190850,18000
1171538,18000
1113138,18000
1197286,18000
1134323,18000
1175718,18000
1223043,18000
1230659,18000
1153351,18000
1163065,18000
1169039,18000
1150651,18000
1212883,18000
1141542,18000
1132942,18000
1097034,18000
1115474,18000
1150543,18000
1183183,18000
1212542,18000
1196366,18000
1103838,18000
1205213,18000
1203737,18000
1107698,18000
1223126,18000
1107098,18000
1230640,18000
1166907,18000
1227401,18000
1190990,18000
1218890,18000
1234340,18000
1156735,18000
1208413,18000
1152056,18000
1197244,18000
1093441,18000
1175085,18000
1131997,18000
1230687,18000
1190640,18000
1152236,18000
1198325,18000
1121650,18000
1152135,18000
1107500,18000
1202457,18000
1102922,18000
1156091,18000
1130752,18000
1198146,18000
1214439,18000
1224750,18000
1173478,18000
1221739,18000
1157130,18000
1101397,18000
1152081,18000
1210759,18000
1162778,18000
1190989,18000
1101250,18000
1197802,18000
1197001,18000
1137313,18000
1191058,18000
1210661,18000
1131447,18000
1207114,18000
1229801,18000
1224755,18000
1219101,18000
1148474,18000
1131506,18000
1170444,18000
1197057,18000
1229794,18000
1190371,18000
1182556,18000
1218991,18000
1224737,18000
1103932,18000
1156387,18000
1107541,18000
1120332,18000
1199786,18000
1093237,18000
1115462,18000
1233316,18000
1190913,18000
1173035,18000
1203846,18000
1218990,18000
1199895,18000
1223128,18000
1190331,18000
1192749,18000
1175388,18000
1121588,18000
1175633,18000
1170147,18000
1115738,18000
1162842,18000
1207875,18000
1115589,18000
1149857,18000
1146400,18000
1218470,18000
1182483,18000
1153187,18000
1175995,18000
1210760,18000
1200155,18000
1227863,18000
1140936,18000
1205182,18000
1106211,18000
1218968,18000
1197779,18000
1114144,18000
1190443,18000
1190574,18000
1165634,18000
1200198,18000
1141220,18000
1101234,18000
1199960,18000
1190803,18000
1175784,18000
1128399,18000
1197282,18000
1202917,18000
1182501,18000
1093352,18000
1105916,18000
1170497,18000
1163259,18000
1182994,18000
1134330,18000
1131706,18000
1171904,18000
1162851,18000
1147170,18000
1157046,18000
1151842,18000
1175235,18000
1196833,18000
1101205,18000
1228795,18000
1219048,18000
1157101,18000
1165772,18000
1222950,18000
1157675,18000
1158625,18000
1162961,18000
1182455,18000
1115690,18000
1107583,18000
1190562,18000
1190624,18000
1103105,18000
1131611,18000
1233224,18000
1228650,18000
1190392,18000
1146390,18000
1225891,18000
1169490,18000
1223070,18000
1223948,18000
1206091,18000
1175349,18000
1093445,18000
1174225,18000
1141462,18000
1101382,18000
1221633,18000
1097053,18000
1166258,18000
1207678,18000
1141354,18000
1233822,18000
1225608,18000
1219026,18000
1195521,18000
1110855,18000
1225757,18000
1162856,18000
1129722,18000
1145232,18000
1107571,18000
1121515,18000
1224453,18000
1170387,18000
1097018,18000
1133658,18000
1228565,18000
1121161,18000
1218583,18000
1200324,18000
1110349,18000
1192683,18000
1141362,18000
1210349,18000
1233237,18000
1170440,18000
1121518,18000
1218951,18000
1173330,18000
1190781,18000
1115577,18000
1166967,18000
1228883,18000
1117448,18000
1188123,18000
1101389,18000
1180509,18000
1148118,18000
1146045,18000
1130542,18000
1197123,18000
1137371,18000
1171095,18000
1175296,18000
1200173,18000
1219118,18000
1222708,18000
1161895,18000
1131649,18000
1217914,18000
1144533,18000
1233322,18000
1198932,18000
1223127,18000
1156737,18000
1167017,18000
1162766,18000
1190709,18000
1222931,18000
1101446,18000
1175689,18000
1228648,18000
1231551,18000
1208122,18000
1175443,18000
1175766,18000
1175694,18000
1182931,18000
1151209,18000
1204465,18000
1204965,18000
1151862,18000
1110756,18000
1170546,18000
1214177,18000
1134345,18000
1121271,18000
1190403,18000
1198304,18000
1131505,18000
1190823,18000
1175596,18000
1156671,18000
1195265,18000
1198792,18000
1170347,18000
1152635,18000
1096250,18000
1103767,18000
1200078,18000
1197924,18000
1190336,18000
1131646,18000
1132864,18000
1157064,18000
1196977,18000
1199974,18000
1158635,18000
1175667,18000
1101179,18000
1115358,18000
1163017,18000
1131566,18000
1163013,18000
1219040,18000
1170450,18000
1116177,18000
1107679,18000
1146019,18000
1096988,18000
1151628,18000
1170411,18000
1182515,18000
1110348,18000
1174832,18000
1134116,18000
1140035,18000
1210340,18000
1228691,18000
1096991,18000
1110899,18000
1131656,18000
1223379,18000
1208107,18000
1115538,18000
1221828,18000
1121580,18000
1190642,18000
1131670,18000
1230669,18000
1132124,18000
1167221,18000
1228502,18000
1167247,18000
1169271,18000
1209948,18000
1170464,18000
1229937,18000
1157040,18000
1218866,18000
1144682,18000
1152156,18000
1114490,18000
1101433,18000
1121611,18000
1134500,18000
1101553,18000
1222398,18000
1110545,18000
1214391,18000
1096882,18000
1131693,18000
1192024,18000
1233219,18000
1096880,18000
1225226,18000
1115416,18000
1214455,18000
1222748,18000
1136428,18000
1131324,18000
1167028,18000
1131464,18000
1197976,18000
1093399,18000
1197054,18000
1214544,18000
1222986,18000
1115537,18000
1210151,18000
1170473,18000
1219255,18000
1152216,18000
1173203,18000
1162610,18000
1207846,18000
1096610,18000
1146338,18000
1141277,18000
1227576,18000
1106881,18000
1200160,18000
1134371,18000
1115512,18000
1134453,18000
1210697,18000
1110886,18000
1205317,18000
1190886,18000
1110788,18000
1152258,18000
1131171,18000
1223071,18000
1175542,18000
1156483,18000
1138181,18000
1162738,18000
1182731,18000
1151972,18000
1121309,18000
1205228,18000
1133120,18000
1221832,18000
1137500,18000
1182385,18000
1103786,18000
1115641,18000
1174754,18000
1197068,18000
1158692,18000
1162872,18000
1233264,18000
1227819,18000
1230688,18000
1177653,18000
1162739,18000
1205413,18000
1182830,18000
1146214,18000
1133715,18000
1182895,18000
1167046,18000
1117174,18000
1184715,18000
1225465,18000
1101482,18000
1195875,18000
1110441,18000
1208626,18000
1131630,18000
1107586,18000
1141523,18000
1219167,18000
1179455,18000
1141243,18000
1208165,18000
1197061,18000
1162864,18000
1170422,18000
1162746,18000
1170777,18000
1169790,18000
1198446,18000
1152057,18000
1198167,18000
1228798,18000
1094602,18000
1167382,18000
1151466,18000
1207254,18000
1196800,18000
1146488,18000
1162979,18000
1141402,18000
1167141,18000
1224170,18000
1136357,18000
1206645,18000
1162975,18000
1210766,18000
1229134,18000
1117451,18000
1169969,18000
1167055,18000
1145658,18000
1101219,18000
1179498,18000
1234911,18000
1131575,18000
1155895,18000
1152537,18000
1132436,18000
1182914,18000
1197045,18000
1145978,18000
1167192,18000
1222942,18000
1230633,18000
1225493,18000
1115524,18000
1144574,18000
1175204,18000
1157150,18000
1230363,18000
1170408,18000
1228464,18000
1141234,18000
1198064,18000
1180065,18000
1208167,18000
1131544,18000
1175646,18000
1222935,18000
1207628,18000
1219846,18000
1170605,18000
1206021,18000
1130726,18000
1175729,18000
1156341,18000
1203837,18000
1228688,18000
1110782,18000
1228790,18000
1174486,18000
1156393,18000
1136865,18000
1096971,18000
1205255,18000
1204750,18000
1231427,18000
1198321,18000
1103758,18000
1198512,18000
1228677,18000
1199349,18000
1134091,18000
1101306,18000
1208045,18000
1125941,18000
1174266,18000
1131521,18000
1132986,18000
1198600,18000
1156979,18000
1204339,18000
1174725,18000
1130420,18000
1191018,18000
1163034,18000
1196612,18000
1145971,18000
1230705,18000
1205405,18000
1137285,18000
1190874,18000
1205100,18000
1203831,18000
1138142,18000
1141360,18000
1163711,18000
1208131,18000
1197200,18000
1191011,18000
1205862,18000
1208280,18000
1149924,18000
1223027,18000
1166964,18000
1198362,18000
1101363,18000
1214387,18000
1131956,18000
1156887,18000
1146235,18000
1103727,18000
1093299,18000
1225646,18000
1137305,18000
1141493,18000
1121689,18000
1130735,18000
1131224,18000
1205420,18000
1167103,18000
1131451,18000
1134418,18000
1097385,18000
1170504,18000
1214410,18000
1175691,18000
1201279,18000
1106542,18000
1107609,18000
1158656,18000
1208126,18000
1117572,18000
1121609,18000
1219527,18000
1121705,18000
1110154,18000
1227080,18000
1107134,18000
1182370,18000
1131583,18000
1141359,18000
1175630,18000
1182367,18000
1214227,18000
1228663,18000
1131189,18000
1101522,18000
1103917,18000
1134283,18000
1182595,18000
1210825,18000
1175559,18000
1175414,18000
1182418,18000
1110358,18000
1130084,18000
1146247,18000
1141259,18000
1147114,18000
1151357,18000
1103927,18000
1134363,18000
1140740,18000
1110943,18000
1131389,18000
1197378,18000
1171558,18000
1156994,18000
1162779,18000
1219128,18000
1232341,18000
1180808,18000
1234869,18000
1166127,18000
1198402,18000
1096982,18000
1190711,18000
1133401,18000
1233657,18000
1192537,18000
1167104,18000
1175751,18000
1166264,18000
1094133,18000
1189431,18000
1103904,18000
1214278,18000
1225878,18000
1172457,18000
1158455,18000
1182793,18000
1156980,18000
1170555,18000
1117464,18000
1206671,18000
1121656,18000
1141419,18000
1198821,18000
1198918,18000
1146067,18000
1170463,18000
1166998,18000
1182409,18000
1116384,18000
1120536,18000
1214334,18000
1190814,18000
1174943,18000
1119471,18000
1190507,18000
1167000,18000
1182641,18000
1215593,18000
1219102,18000
1170518,18000
1194241,18000
1190994,18000
1118578,18000
1174920,18000
1174206,18000
1222171,18000
1196029,18000
1227546,18000
1208156,18000
1224358,18000
1143956,18000
1134312,18000
1190859,18000
1222830,18000
1150163,18000
1197099,18000
1157103,18000
1182064,18000
1184032,18000
1234840,18000
1118688,18000
1170481,18000
1146063,18000
1141485,18000
1205416,18000
1146257,18000
1096986,18000
1131590,18000
1219853,18000
1174096,18000
1225916,18000
1140543,18000
1170366,18000
1175410,18000
1110841,18000
1182458,18000
1182997,18000
1152205,18000
1102918,18000
1107594,18000
1152235,18000
1107767,18000
1152108,18000
1175586,18000
1190363,18000
1188320,18000
1130830,18000
1167184,18000
1096614,18000
1230736,18000
1225830,18000
1141269,18000
1097103,18000
1198921,18000
1158573,18000
1107425,18000
1153659,18000
1175754,18000
1218839,18000
1152277,18000
1103207,18000
1190543,18000
1228352,18000
1131246,18000
1198903,18000
1145969,18000
1146153,18000
1190706,18000
1149885,18000
1218472,18000
1151943,18000
1205345,18000
1230520,18000
1156679,18000
1181977,18000
1170455,18000
1190866,18000
1137320,18000
1117531,18000
1097113,18000
1167373,18000
1234853,18000
1094309,18000
1206270,18000
1162848,18000
1230667,18000
1101460,18000
1097117,18000
1213788,18000
1213775,18000
1132523,18000
1093398,18000
1219066,18000
1096951,18000
1131257,18000
1152103,18000
1107529,18000
1174863,18000
1170434,18000
1191080,18000
1167216,18000
1182360,18000
1198060,18000
1190577,18000
1097120,18000
1095095,18000
1192369,18000
1138572,18000
1131384,18000
1222255,18000
1152244,18000
1195815,18000
1140049,18000
1190835,18000
1162865,18000
1157010,18000
1222936,18000
1107552,18000
1141322,18000
1225261,18000
1209162,18000
1096398,18000
1149094,18000
1223084,18000
1234725,18000
1158551,18000
1182897,18000
1137261,18000
1096511,18000
1131337,18000
1225924,18000
1172124,18000
1188873,18000
1107423,18000
1198160,18000
1190486,18000
1175592,18000
1134428,18000
1207920,18000
1167937,18000
1225919,18000
1131403,18000
1093433,18000
1208035,18000
1197514,18000
1173730,18000
1197464,18000
1117519,18000
1162909,18000
1222635,18000
1188508,18000
1190376,18000
1196901,18000
1230628,18000
1133999,18000
1158343,18000
1188349,18000
1115581,18000
1151826,18000
1222925,18000
1146372,18000
1145829,18000
1221532,18000
1224736,18000
1210842,18000
1233337,18000
1189333,18000
1101288,18000
1101515,18000
1179936,18000
1173727,18000
1181846,18000
1223023,18000
1175525,18000
1198193,18000
1205343,18000
1218928,18000
1115526,18000
1205143,18000
1131351,18000
1175761,18000
1167169,18000
1134197,18000
1214345,18000
1133610,18000
1182454,18000
1182950,18000
1182729,18000
1137259,18000
1204270,18000
1150914,18000
1143775,18000
1115414,18000
1158440,18000
1131071,18000
1157140,18000
1198334,18000
1115621,18000
1233215,18000
1141104,18000
1137342,18000
1182516,18000
1157108,18000
1222086,18000
1227221,18000
1145990,18000
1227641,18000
1094557,18000
1207970,18000
1148224,18000
1218893,18000
1107531,18000
1216763,18000
1101359,18000
1208127,18000
1205240,18000
1210769,18000
1198696,18000
1146294,18000
1137428,18000
1162655,18000
1162853,18000
1223082,18000
1151708,18000
1121563,18000
1175567,18000
1204838,18000
1207963,18000
1096449,18000
1144745,18000
1230698,18000
1233050,18000
1204993,18000
1223995,18000
1203969,18000
1208160,18000
1151981,18000
1196806,18000
1175348,18000
1206714,18000
1107739,18000
1110936,18000
1103858,18000
1218840,18000
1224729,18000
1101317,18000
1171742,18000
1205291,18000
1207941,18000
1206073,18000
1227817,18000
1205219,18000
1103761,18000
1162799,18000
1137413,18000
1197395,18000
1179642,18000
1115561,18000
1233113,18000
1144778,18000
1131419,18000
1107580,18000
1152634,18000
1141351,18000
1233109,18000
1189890,18000
1101259,18000
1207581,18000
1134423,18000
1156908,18000
1110792,18000
1167074,18000
1131352,18000
1103849,18000
1131173,18000
1190847,18000
1131391,18000
1131261,18000
1107424,18000
1152112,18000
1121261,18000
1162898,18000
1204651,18000
1093240,18000
1162364,18000
1121606,18000
1107672,18000
1115624,18000
1130849,18000
1141396,18000
1131253,18000
1145914,18000
1234890,18000
1096969,18000
1101571,18000
1121596,18000
1167409,18000
1197493,18000
1209938,18000
1190896,18000
1182945,18000
1218619,18000
1230230,18000
1158702,18000
1158221,18000
1175765,18000
1234131,18000
1136634,18000
1225282,18000
1152381,18000
1170461,18000
1094651,18000
1141543,18000
1110956,18000
1195520,18000
1103753,18000
1131631,18000
1146248,18000
1198305,18000
1218721,18000
1138588,18000
1107658,18000
1137323,18000
1101504,18000
1197063,18000
1140050,18000
1205357,18000
1204482,18000
1137298,18000
1182630,18000
1151245,18000
1103910,18000
1167050,18000
1205050,18000
1107722,18000
1149069,18000
1141453,18000
1174234,18000
1132188,18000
1146308,18000
1141329,18000
1107727,18000
1134491,18000
1167139,18000
1162734,18000
1208162,18000
1152031,18000
1210722,18000
1189553,18000
1107668,18000
1210747,18000
1225700,18000
1156952,18000
1094001,18000
1110414,18000
1103876,18000
1196769,18000
1150619,18000
1197125,18000
1131260,18000
1116970,18000
1101214,18000
1115357,18000
1131437,18000
1225950,18000
1151890,18000
1162885,18000
1205075,18000
1154573,18000
1182430,18000
1223118,18000
1198333,18000
1148467,18000
1156359,18000
1210692,18000
1128090,18000
1097125,18000
1121057,18000
1197435,18000
1181300,18000
1146206,18000
1121474,18000
1110913,18000
1166985,18000
1197115,18000
1173765,18000
1131557,18000
1145289,18000
1107633,18000
1093435,18000
1111002,18000
1096898,18000
1146730,18000
1151234,18000
1141395,18000
1152065,18000
1214540,18000
1151804,18000
1228683,18000
1101354,18000
1225820,18000
1219126,18000
1156988,18000
1182397,18000
1167075,18000
1197151,18000
1197479,18000
1214317,18000
1145350,18000
1197510,18000
1175603,18000
1228610,18000
1117508,18000
1136850,18000
1133349,18000
1141430,18000
1222994,18000
1182628,18000
1220644,18000
1224738,18000
1210710,18000
1206561,18000
1155887,18000
1101874,18000
1163436,18000
1152120,18000
1182444,18000
1175554,18000
1214368,18000
1190362,18000
1166883,18000
1101229,18000
1146291,18000
1146210,18000
1156953,18000
1182795,18000
1204191,18000
1151913,18000
1131326,18000
1146157,18000
1225751,18000
1103867,18000
1167114,18000
1162809,18000
1227526,18000
1156779,18000
1228844,18000
1150592,18000
1197279,18000
1110859,18000
1182461,18000
1196593,18000
1234894,18000
1181744,18000
1121790,18000
1150198,18000
1115720,18000
1182913,18000
1162202,18000
1222648,18000
1212906,18000
1203834,18000
1163036,18000
1228199,18000
1215219,18000
1141203,18000
1115778,18000
1145987,18000
1205422,18000
1147098,18000
1115505,18000
1131276,18000
1205212,18000
1183023,18000
1121640,18000
1178741,18000
1129348,18000
1196950,18000
1147108,18000
1162534,18000
1167110,18000
1166968,18000
1191023,18000
1214354,18000
1167210,18000
1131537,18000
1217754,18000
1137109,18000
1110852,18000
1206985,18000
1228738,18000
1150771,18000
1110911,18000
1152376,18000
1233037,18000
1137293,18000
1151367,18000
1110935,18000
1149009,18000
1134072,18000
1190822,18000
1224740,18000
1197039,18000
1151945,18000
1152042,18000
1152225,18000
1218888,18000
1225871,18000
1182893,18000
1094593,18000
1208181,18000
1156709,18000
1169320,18000
1100260,18000
1190929,18000
1222984,18000
1130439,18000
1223083,18000
1115386,18000
1114755,18000
1101576,18000
1117287,18000
1162870,18000
1145957,18000
1208665,18000
1101556,18000
1221821,18000
1152237,18000
1137295,18000
1101414,18000
1207782,18000
1115767,18000
1217604,18000
1110665,18000
1121672,18000
1208739,18000
1137244,18000
1217158,18000
1190733,18000
1131466,18000
1146218,18000
1228834,18000
1218948,18000
1141284,18000
1196887,18000
1132748,18000
1133616,18000
1218879,18000
1135398,18000
1162267,18000
1233272,18000
1228625,18000
1183982,18000
1182734,18000
1101349,18000
1146015,18000
1173034,18000
1175557,18000
1174798,18000
1210836,18000
1197212,18000
1163085,18000
1107777,18000
1146253,18000
1205560,18000
1169963,18000
1170750,18000
1141237,18000
1233324,18000
1141247,18000
1225925,18000
1180173,18000
1103872,18000
1210779,18000
1096963,18000
1117574,18000
1179664,18000
1187667,18000
1144742,18000
1134138,18000
1147910,18000
1182853,18000
1115696,18000
1204194,18000
1205363,18000
1163071,18000
1197949,18000
1152159,18000
1190729,18000
1210814,18000
1225034,18000
1107670,18000
1182449,18000
1210654,18000
1093407,18000
1146243,18000
1162798,18000
1096902,18000
1214426,18000
1190556,18000
1173496,18000
1150503,18000
1167227,18000
1094621,18000
1154563,18000
1157160,18000
1169746,18000
1190657,18000
1189372,18000
1096989,18000
1207680,18000
1107518,18000
1234837,18000
1209903,18000
1166519,18000
1117575,18000
1137256,18000
1156968,18000
1170352,18000
1101276,18000
1190991,18000
1110947,18000
1173331,18000
1205254,18000
1134377,18000
1156335,18000
1223089,18000
1162899,18000
1213281,18000
1200146,18000
1228878,18000
1129734,18000
1175775,18000
1218902,18000
1096867,18000
1190838,18000
1151581,18000
1157303,18000
1214417,18000
1131418,18000
1234930,18000
1147053,18000
1182520,18000
1143995,18000
1161758,18000
1183043,18000
1158398,18000
1153353,18000
1200191,18000
1107543,18000
1146329,18000
1157122,18000
1146024,18000
1132392,18000
1141327,18000
1218176,18000
1230052,18000
1101278,18000
1156357,18000
1190602,18000
1133697,18000
1175550,18000
1190802,18000
1107747,18000
1204195,18000
1100848,18000
1234925,18000
1207269,18000
1227446,18000
1131549,18000
1140560,18000
1203820,18000
1131188,18000
1103938,18000
1134395,18000
1131652,18000
1121529,18000
1223067,18000
1115426,18000
1107997,18000
1221080,18000
1110923,18000
1116071,18000
1141425,18000
1146719,18000
1205283,18000
1230664,18000
1233261,18000
1163015,18000
1167238,18000
1218713,18000
1152087,18000
1218941,18000
1167059,18000
1182576,18000
1144632,18000
1182906,18000
1130334,18000
1174526,18000
1213332,18000
1214217,18000
1175739,18000
1218374,18000
1146219,18000
1141295,18000
1209905,18000
1103892,18000
1207809,18000
1146336,18000
1207450,18000
1182378,18000
1101572,18000
1175334,18000
1148111,18000
1101291,18000
1199751,18000
1210707,18000
1162892,18000
1152018,18000
1163057,18000
1170418,18000
1214147,18000
1167049,18000
1167253,18000
1234132,18000
1180792,18000
1196963,18000
1131271,18000
1218877,18000
1210695,18000
1193821,18000
1133993,18000
1175513,18000
1137340,18000
1233806,18000
1156958,18000
1152010,18000
1222941,18000
1158650,18000
1162875,18000
1163129,18000
1133399,18000
1156464,18000
1207822,18000
1166772,18000
1225236,18000
1233181,18000
1134254,18000
1223086,18000
1162888,18000
1168144,18000
1131201,18000
1219526,18000
1158399,18000
1190384,18000
1202893,18000
1182824,18000
1161243,18000
1194189,18000
1210799,18000
1182852,18000
1166885,18000
1101163,18000
1107736,18000
1190888,18000
1103905,18000
1227911,18000
1233193,18000
1197008,18000
1172458,18000
1210699,18000
1130742,18000
1223039,18000
1193331,18000
1196379,18000
1136664,18000
1170404,18000
1152077,18000
1197082,18000
1166979,18000
1167161,18000
1170484,18000
1182398,18000
1190959,18000
1233207,18000
1140934,18000
1224664,18000
1137417,18000
1199926,18000
1110820,18000
1170186,18000
1140882,18000
1175753,18000
1094655,18000
1169675,18000
1190759,18000
1163009,18000
1195399,18000
1233289,18000
1107457,18000
1157279,18000
1137303,18000
1163082,18000
1161541,18000
1182327,18000
1214451,18000
1137249,18000
1162896,18000
1189858,18000
1121497,18000
1197496,18000
1146082,18000
1139582,18000
1180501,18000
1151570,18000
1131368,18000
1223121,18000
1182590,18000
1141554,18000
1190635,18000
1101318,18000
1223672,18000
1097121,18000
1146070,18000
1152191,18000
1151139,18000
1228818,18000
1101215,18000
1222378,18000
1152267,18000
1101509,18000
1207288,18000
1180950,18000
1205199,18000
1175560,18000
1207048,18000
1183007,18000
1156902,18000
1190465,18000
1132750,18000
1167200,18000
1210793,18000
1190893,18000
1158449,18000
1097023,18000
1093419,18000
1117549,18000
1141211,18000
1141246,18000
1094619,18000
1189106,18000
1153298,18000
1219082,18000
1169734,18000
1204613,18000
1227419,18000
1097099,18000
1228922,18000
1174405,18000
1210557,18000
1152050,18000
1134316,18000
1170540,18000
1233291,18000
1198943,18000
1146326,18000
1175677,18000
1224293,18000
1137393,18000
1141483,18000
1131477,18000
1182447,18000
1152147,18000
1115459,18000
1208174,18000
1218936,18000
1222974,18000
1168807,18000
1197073,18000
1115496,18000
1190736,18000
1175742,18000
1188440,18000
1151637,18000
1095903,18000
1162302,18000
1156969,18000
1156989,18000
1167091,18000
1208002,18000
1210301,18000
1103811,18000
1214339,18000
1162751,18000
1204202,18000
1227146,18000
1208040,18000
1205098,18000
1094622,18000
1167918,18000
1094664,18000
1110765,18000
1107782,18000
1117481,18000
1101365,18000
1155271,18000
1110850,18000
1158590,18000
1210717,18000
1182462,18000
1152276,18000
1214415,18000
1182579,18000
1103755,18000
1191036,18000
1190464,18000
1132758,18000
1103754,18000
1222166,18000
1156930,18000
1228777,18000
1131689,18000
1097020,18000
1228854,18000
1110834,18000
1205274,18000
1208193,18000
1142222,18000
1174304,18000
1219012,18000
1179037,18000
1128424,18000
1175447,18000
1168011,18000
1094623,18000
1173709,18000
1224427,18000
1225886,18000
1190722,18000
1156500,18000
1195421,18000
1182552,18000
1214388,18000
1135531,18000
1205384,18000
1169850,18000
1224779,18000
1101139,18000
1192323,18000
1103640,18000
1103864,18000
1225716,18000
1173212,18000
1225970,18000
1231750,18000
1190470,18000
1150588,18000
1131259,18000
1101501,18000
1182699,18000
1205342,18000
1141375,18000
1196934,18000
1207261,18000
1230610,18000
1198249,18000
1151914,18000
1170507,18000
1190780,18000
1225232,18000
1197434,18000
1180822,18000
1134419,18000
1121191,18000
1121407,18000
1093414,18000
1151539,18000
1233662,18000
1162830,18000
1167197,18000
1109956,18000
1190511,18000
1229080,18000
1131874,18000
1145999,18000
1194533,18000
1214347,18000
1103751,18000
1234435,18000
1156756,18000
1198864,18000
1214513,18000
1097016,18000
1138217,18000
1145998,18000
1152022,18000
1152083,18000
1151887,18000
1170478,18000
1203904,18000
1134403,18000
1110868,18000
1219071,18000
1179675,18000
1188904,18000
1182829,18000
1174217,18000
1131429,18000
1167076,18000
1182573,18000
1130670,18000
1218971,18000
1158552,18000
1171124,18000
1145313,18000
1157105,18000
1101415,18000
1101384,18000
1204224,18000
1182598,18000
1196346,18000
1101322,18000
1214406,18000
1147110,18000
1196016,18000
1163053,18000
1179553,18000
1188852,18000
1131484,18000
1218915,18000
1117487,18000
1101343,18000
1175429,18000
1167040,18000
1140969,18000
1131497,18000
1146022,18000
1121542,18000
1093442,18000
1226910,18000
1131498,18000
1210110,18000
1146021,18000
1100519,18000
1190040,18000
1207921,18000
1191125,18000
1167191,18000
1110928,18000
1151703,18000
1195320,18000
1132969,18000
1162652,18000
1175206,18000
1110893,18000
1175441,18000
1162912,18000
1101164,18000
1115510,18000
1175748,18000
1234854,18000
1197080,18000
1115607,18000
1097017,18000
1140212,18000
1214254,18000
1209750,18000
1190417,18000
1228640,18000
1208173,18000
1134176,18000
1137472,18000
1208113,18000
1146005,18000
1234897,18000
1196392,18000
1107729,18000
1225889,18000
1115446,18000
1096916,18000
1130751,18000
1115744,18000
1214420,18000
1117517,18000
1140287,18000
1096465,18000
1151642,18000
1101324,18000
1127439,18000
1093343,18000
1194585,18000
1158707,18000
1137415,18000
1101357,18000
1104582,18000
1110565,18000
1169540,18000
1219060,18000
1101464,18000
1094627,18000
1178259,18000
1115604,18000
1182902,18000
1234754,18000
1182814,18000
1198906,18000
1182489,18000
1214363,18000
1175673,18000
1169043,18000
1228338,18000
1197196,18000
1222934,18000
1182682,18000
1224942,18000
1182460,18000
1208204,18000
1162880,18000
1233196,18000
1143458,18000
1221484,18000
1210704,18000
1121528,18000
1121241,18000
1121594,18000
1145901,18000
1153003,18000
1230645,18000
1158703,18000
1196748,18000
1121490,18000
1210307,18000
1167101,18000
1170584,18000
1115653,18000
1198924,18000
1205356,18000
1190472,18000
1196898,18000
1115639,18000
1190825,18000
1208183,18000
1121534,18000
1228850,18000
1218940,18000
1151917,18000
1208093,18000
1094653,18000
1225887,18000
1225865,18000
1175791,18000
1228867,18000
1210262,18000
1198281,18000
1141096,18000
1170616,18000
1182634,18000
1222824,18000
1208110,18000
1225958,18000
1223059,18000
1224141,18000
1094639,18000
1182967,18000
1197581,18000
1133909,18000
1115354,18000
1096750,18000
1137367,18000
1155486,18000
1115449,18000
1096948,18000
1117565,18000
1228296,18000
1175362,18000
1096052,18000
1096980,18000
1209459,18000
1207620,18000
1187684,18000
1162728,18000
1166897,18000
1101254,18000
1225816,18000
1218905,18000
1189316,18000
1103869,18000
1157027,18000
1197281,18000
1137395,18000
1214400,18000
1224552,18000
1210776,18000
1196928,18000
1203719,18000
1134590,18000
1204132,18000
1107754,18000
1107581,18000
1151858,18000
1205217,18000
1214478,18000
1205188,18000
1175345,18000
1115661,18000
1227412,18000
1230448,18000
1101512,18000
1225956,18000
1189752,18000
1226920,18000
1115369,18000
1234872,18000
1190834,18000
1190462,18000
1093416,18000
1121068,18000
1182919,18000
1190704,18000
1190418,18000
1146473,18000
1205367,18000
1156978,18000
1222933,18000
1223011,18000
1152111,18000
1181276,18000
1230561,18000
1174981,18000
1152114,18000
1233331,18000
1131346,18000
1174640,18000
1175575,18000
1157024,18000
1136863,18000
1218921,18000
